<?xml version="1.0" encoding="UTF-8"?>

<TestcaseRoot>
  <Testcase>
    <Preshell/>
    <CaseStep>
      <CaseSet>
        <Operation name="调用H5接口">
          <Param name="消息模板">\9.商户\1.扫码支付\T0090001L 创建ATE支付二维码.json</Param>
          <Param name="参数输入">&lt;?xml version="1.0" encoding="UTF-8"?&gt; &lt;Root&gt;&lt;Parameter name="busLoginToken"/&gt;&lt;Parameter name="memo"/&gt;&lt;Parameter name="operId"/&gt;&lt;Parameter name="orderAmount"/&gt;&lt;Parameter name="outTradeNo"/&gt;&lt;Parameter name="productDesc"/&gt;&lt;/Root&gt;</Param>
        </Operation>
      </CaseSet>
    </CaseStep>
    <Aftershell/>
  </Testcase>
  <Textcase>
    <description></description>
    <preCondition></preCondition>
    <textStep></textStep>
    <afterStep></afterStep>
    <expectResult></expectResult>
  </Textcase>
</TestcaseRoot>
