<?xml version="1.0" encoding="UTF-8"?>

<TestcaseRoot>
  <Testcase>
    <Preshell/>
    <CaseStep>
      <CaseSet>
        <Operation name="设置全局变量值" comment="true">
          <Param name="变量值">com.bill99.kuaiqian.paysdkdemo</Param>
          <Param name="变量名">app.android.package</Param>
        </Operation>
        <Operation name="设置全局变量值" comment="true">
          <Param name="变量值">.PayDemoActivity</Param>
          <Param name="变量名">app.android.activity</Param>
        </Operation>
        <Operation name="连接Appium"/>
        <Operation name="进入我的页面"/>
        <Operation name="点击控件(名字)">
          <Param name="控件名">立即登录</Param>
        </Operation>
        <Operation name="登录"/>
      </CaseSet>
    </CaseStep>
    <Aftershell/>
  </Testcase>
  <Textcase>
    <description></description>
    <preCondition></preCondition>
    <textStep></textStep>
    <afterStep></afterStep>
    <expectResult></expectResult>
  </Textcase>
  <TestcaseResult>
    <result name="" starttime="2016-09-13 13:41:31.644" endtime="2016-09-13 13:42:43.644" expendTime="72339">
      <result>fail</result>
      <memo></memo>
    </result>
  </TestcaseResult>
</TestcaseRoot>
