<?xml version="1.0" encoding="UTF-8"?>

<TestcaseRoot>
  <Testcase>
    <Preshell/>
    <CaseStep>
      <CaseSet>
        <Operation name="卸载应用">
          <Param name="应用名">支付SDK</Param>
        </Operation>
        <Operation name="安装应用">
          <Param name="应用名">支付SDK</Param>
          <Param name="版本">1.0.0.26</Param>
        </Operation>
      </CaseSet>
    </CaseStep>
    <Aftershell/>
  </Testcase>
  <Textcase>
    <description></description>
    <preCondition></preCondition>
    <textStep></textStep>
    <afterStep></afterStep>
    <expectResult></expectResult>
  </Textcase>
  <TestcaseResult>
    <result name="" starttime="2016-09-12 13:45:48.210" endtime="2016-09-12 13:46:38.210" expendTime="50336">
      <result>pass</result>
      <memo></memo>
    </result>
  </TestcaseResult>
</TestcaseRoot>
