<?xml version="1.0" encoding="UTF-8"?>

<TestcaseRoot>
  <Testcase>
    <Preshell/>
    <CaseStep>
      <CaseSet>
        <Operation name="调用H5接口">
          <Param name="消息模板">\4.卡券包\4.卡券包接口\T0040005L 获取影票订单详情信息.json</Param>
        </Operation>
      </CaseSet>
    </CaseStep>
    <Aftershell/>
  </Testcase>
  <Textcase>
    <description></description>
    <preCondition></preCondition>
    <textStep></textStep>
    <afterStep></afterStep>
    <expectResult></expectResult>
  </Textcase>
</TestcaseRoot>
