<?xml version="1.0" encoding="UTF-8"?>

<TestcaseRoot>
  <Testcase>
    <Preshell/>
    <CaseStep>
      <CaseSet>
        <Operation name="设置变量值">
          <Param name="变量值">guest</Param>
          <Param name="变量名">userName</Param>
        </Operation>
        <Operation name="设置变量值" comment="true">
          <Param name="变量值">Android</Param>
          <Param name="变量名">mbp.AppType</Param>
        </Operation>
        <Operation name="设置变量值">
          <Param name="变量值">iOS</Param>
          <Param name="变量名">mbp.AppType</Param>
        </Operation>
        <Operation name="设置变量值" comment="true">
          <Param name="变量值">2.8.9.2</Param>
          <Param name="变量名">mbp.AppVersion</Param>
        </Operation>
        <Operation name="设置变量值">
          <Param name="变量值">MP_IOS_APP_KQB_99bill_2.9.2_1604051935_01</Param>
          <Param name="变量名">mbp.AppVersion</Param>
        </Operation>
        <Operation name="设置变量值">
          <Param name="变量值">4.6</Param>
          <Param name="变量名">mbp.version</Param>
        </Operation>
        <Operation name="设置变量值">
          <Param name="变量值">测试未来了</Param>
          <Param name="变量名">msgTypeId</Param>
        </Operation>
        <Operation name="设置变量值">
          <Param name="变量值">99bill</Param>
          <Param name="变量名">mbp.AppChannel</Param>
        </Operation>
        <Operation name="获取短消息列表">
          <Param name="变量名">msgInfo</Param>
          <Param name="刷新方式">true</Param>
          <Param name="消息类型">$msgTypeId$</Param>
        </Operation>
        <Operation name="发送Mbp消息">
          <Param name="消息模板">\oms\M207-QueryMsgList.json</Param>
          <Param name="参数输入">&lt;?xml version="1.0" encoding="UTF-8"?&gt; &lt;Root&gt;&lt;Parameter name="jsonCallBack"&gt;{NULL}&lt;/Parameter&gt;&lt;Parameter name="pageNo"&gt;1&lt;/Parameter&gt;&lt;Parameter name="lastRecordId"&gt;{NULL}&lt;/Parameter&gt;&lt;/Root&gt;</Param>
          <Param name="结果校验">&lt;?xml version="1.0" encoding="UTF-8"?&gt; &lt;Root&gt;&lt;Parameter name="responseCode"&gt;00&lt;/Parameter&gt;&lt;Parameter name="msgContent.msgInfo" type="json"&gt;$msgInfo$&lt;/Parameter&gt;&lt;Parameter name="responseMsg"&gt;查询成功&lt;/Parameter&gt;&lt;/Root&gt;</Param>
        </Operation>
      </CaseSet>
    </CaseStep>
    <Aftershell/>
  </Testcase>
  <Textcase>
    <description></description>
    <preCondition></preCondition>
    <textStep></textStep>
    <afterStep></afterStep>
    <expectResult></expectResult>
  </Textcase>
  <TestcaseResult>
    <result name="" starttime="2016-08-29 11:08:53.97" endtime="2016-08-29 11:08:53.97" expendTime="500">
      <result>pass</result>
      <memo></memo>
    </result>
  </TestcaseResult>
</TestcaseRoot>
