<?xml version="1.0" encoding="UTF-8"?>

<TestcaseRoot>
  <Testcase>
    <Preshell/>
    <CaseStep>
      <CaseSet>
        <Operation name="调用H5接口">
          <Param name="消息模板">\2.帐户\3.绑卡实名流程接口\T0020006L 身份证实名(未启用，未测试).json</Param>
          <Param name="参数输入">&lt;?xml version="1.0" encoding="UTF-8"?&gt; &lt;Root&gt;&lt;Parameter name="name"/&gt;&lt;Parameter name="idContent"&gt;18818776875&lt;/Parameter&gt;&lt;Parameter name="idCard"/&gt;&lt;/Root&gt;</Param>
        </Operation>
      </CaseSet>
    </CaseStep>
    <Aftershell/>
  </Testcase>
  <Textcase>
    <description></description>
    <preCondition></preCondition>
    <textStep></textStep>
    <afterStep></afterStep>
    <expectResult></expectResult>
  </Textcase>
  <TestcaseResult>
    <result name="" starttime="2016-10-28 15:58:30.673" endtime="2016-10-28 15:58:30.673" expendTime="280">
      <result>pass</result>
      <memo></memo>
    </result>
  </TestcaseResult>
</TestcaseRoot>
