<?xml version="1.0" encoding="UTF-8"?>

<TestcaseRoot>
  <Testcase>
    <Preshell/>
    <CaseStep>
      <CaseSet>
        <Operation name="调用H5接口">
          <Param name="消息模板">\2.帐户\3.绑卡实名流程接口\T0020026L 实名+绑卡+设置密码-1.2.json</Param>
          <Param name="参数输入">&lt;?xml version="1.0" encoding="UTF-8"?&gt; &lt;Root&gt;&lt;Parameter name="bankAcctId"/&gt;&lt;Parameter name="cvv2"/&gt;&lt;Parameter name="encMobileNo"/&gt;&lt;Parameter name="expiryDate"/&gt;&lt;Parameter name="idNumber"/&gt;&lt;Parameter name="name"/&gt;&lt;Parameter name="token"/&gt;&lt;Parameter name="tradePwd"/&gt;&lt;Parameter name="validateCode"/&gt;&lt;Parameter name="validateCodeToken"/&gt;&lt;/Root&gt;</Param>
        </Operation>
      </CaseSet>
    </CaseStep>
    <Aftershell/>
  </Testcase>
  <Textcase>
    <description></description>
    <preCondition></preCondition>
    <textStep></textStep>
    <afterStep></afterStep>
    <expectResult></expectResult>
  </Textcase>
</TestcaseRoot>
