<?xml version="1.0" encoding="UTF-8"?>

<TestcaseRoot>
  <Testcase>
    <Preshell/>
    <CaseStep>
      <CaseSet>
        <Operation name="H5接口参数加密">
          <Param name="加密明文">621483</Param>
          <Param name="密文[OUT]">&amp;cardBin</Param>
          <Param name="加密方法">加码两次</Param>
        </Operation>
        <Operation name="调用H5接口">
          <Param name="消息模板">\2.帐户\1.基础接口\C0020003N 查询卡Bin信息 1.1.json</Param>
          <Param name="参数输入">&lt;?xml version="1.0" encoding="UTF-8"?&gt; &lt;Root&gt;&lt;Parameter name="cardBin"&gt;$cardBin$&lt;/Parameter&gt;&lt;/Root&gt;</Param>
        </Operation>
      </CaseSet>
    </CaseStep>
    <Aftershell/>
  </Testcase>
  <Textcase>
    <description></description>
    <preCondition></preCondition>
    <textStep></textStep>
    <afterStep></afterStep>
    <expectResult></expectResult>
  </Textcase>
  <TestcaseResult>
    <result name="" starttime="2016-11-01 14:11:29.710" endtime="2016-11-01 14:11:29.710" expendTime="281">
      <result>pass</result>
      <memo></memo>
    </result>
  </TestcaseResult>
</TestcaseRoot>
