<?xml version="1.0" encoding="UTF-8"?>

<TestcaseRoot>
  <Testcase>
    <Preshell/>
    <CaseStep>
      <CaseSet>
        <Operation name="调用H5接口">
          <Param name="消息模板">\2.帐户\1.基础接口\C0020002N 查询支持银行卡列表.json</Param>
          <Param name="参数输入">&lt;?xml version="1.0" encoding="UTF-8"?&gt; &lt;Root&gt;&lt;Parameter name="bankChannel"&gt;1&lt;/Parameter&gt;&lt;/Root&gt;</Param>
          <Param name="结果校验">&lt;?xml version="1.0" encoding="UTF-8"?&gt; &lt;Root&gt;&lt;Parameter name="errCode"&gt;00&lt;/Parameter&gt;&lt;Parameter name="errMsg"&gt;成功&lt;/Parameter&gt;&lt;/Root&gt;</Param>
        </Operation>
      </CaseSet>
    </CaseStep>
    <Aftershell/>
  </Testcase>
  <Textcase>
    <description></description>
    <preCondition></preCondition>
    <textStep></textStep>
    <afterStep></afterStep>
    <expectResult></expectResult>
  </Textcase>
  <TestcaseResult>
    <result name="" starttime="2016-10-28 13:54:00.208" endtime="2016-10-28 13:54:00.208" expendTime="515">
      <result>pass</result>
      <memo></memo>
    </result>
  </TestcaseResult>
</TestcaseRoot>
