<?xml version="1.0" encoding="UTF-8"?>

<TestcaseRoot>
  <Testcase>
    <Preshell/>
    <CaseStep>
      <CaseSet>
        <Operation name="调用H5接口">
          <Param name="消息模板">\2.帐户\1.基础接口\C0020006N 查询银行渠道限额列表.json</Param>
          <Param name="参数输入">&lt;?xml version="1.0" encoding="UTF-8"?&gt; &lt;Root&gt;&lt;Parameter name="bizCode"&gt;Kqqb_KLL&lt;/Parameter&gt;&lt;Parameter name="cardType"&gt;C&lt;/Parameter&gt;&lt;/Root&gt;</Param>
        </Operation>
      </CaseSet>
    </CaseStep>
    <Aftershell/>
  </Testcase>
  <Textcase>
    <description></description>
    <preCondition></preCondition>
    <textStep></textStep>
    <afterStep></afterStep>
    <expectResult></expectResult>
  </Textcase>
  <TestcaseResult>
    <result name="" starttime="2016-10-28 13:47:00.606" endtime="2016-10-28 13:47:00.606" expendTime="327">
      <result>pass</result>
      <memo></memo>
    </result>
  </TestcaseResult>
</TestcaseRoot>
