<?xml version="1.0" encoding="UTF-8"?>

<TestcaseRoot>
  <Testcase>
    <Preshell/>
    <CaseStep>
      <CaseSet>
        <Operation name="调用H5接口">
          <Param name="消息模板">\3.微信\3.微信接口\C0030002N 获取微信JS-SDK-config.json</Param>
          <Param name="参数输入">&lt;?xml version="1.0" encoding="UTF-8"?&gt; &lt;Root&gt;&lt;Parameter name="url"/&gt;&lt;/Root&gt;</Param>
          <Param name="结果校验">&lt;?xml version="1.0" encoding="UTF-8"?&gt; &lt;Root&gt;&lt;Parameter name="errCode"&gt;00&lt;/Parameter&gt;&lt;Parameter name="errMsg"&gt;成功&lt;/Parameter&gt;&lt;/Root&gt;</Param>
        </Operation>
      </CaseSet>
    </CaseStep>
    <Aftershell/>
  </Testcase>
  <Textcase>
    <description></description>
    <preCondition></preCondition>
    <textStep></textStep>
    <afterStep></afterStep>
    <expectResult></expectResult>
  </Textcase>
  <TestcaseResult>
    <result name="" starttime="2016-10-31 09:37:26.181" endtime="2016-10-31 09:37:26.181" expendTime="375">
      <result>fail</result>
      <memo>调用H5接口 : 发送H5请求消息失败</memo>
    </result>
  </TestcaseResult>
</TestcaseRoot>
