<?xml version="1.0" encoding="UTF-8"?>

<TestcaseRoot>
  <Testcase>
    <Preshell/>
    <CaseStep>
      <CaseSet>
        <Operation name="调用H5接口">
          <Param name="消息模板">\3.微信\3.微信接口\C0030001N 获取微信服务号appid.json</Param>
          <Param name="结果校验">&lt;?xml version="1.0" encoding="UTF-8"?&gt; &lt;Root&gt;&lt;Parameter name="errCode"&gt;00&lt;/Parameter&gt;&lt;Parameter name="errMsg"&gt;成功&lt;/Parameter&gt;&lt;/Root&gt;</Param>
        </Operation>
      </CaseSet>
    </CaseStep>
    <Aftershell/>
  </Testcase>
  <Textcase>
    <description></description>
    <preCondition></preCondition>
    <textStep></textStep>
    <afterStep></afterStep>
    <expectResult></expectResult>
  </Textcase>
  <TestcaseResult>
    <result name="" starttime="2016-10-31 09:35:50.528" endtime="2016-10-31 09:35:54.528" expendTime="4091">
      <result>pass</result>
      <memo></memo>
    </result>
  </TestcaseResult>
</TestcaseRoot>
