<?xml version="1.0" encoding="UTF-8"?>

<TestcaseRoot>
  <Testcase>
    <Preshell/>
    <CaseStep>
      <CaseSet>
        <Operation name="H5接口参数加密">
          <Param name="密文[OUT]">&amp;idContent</Param>
        </Operation>
        <Operation name="H5接口参数加密">
          <Param name="密文[OUT]">&amp;loginPwd</Param>
        </Operation>
        <Operation name="调用H5接口">
          <Param name="消息模板">\3.微信\3.微信接口\L0030001N 快钱账号绑定微信账号.json</Param>
          <Param name="参数输入">&lt;?xml version="1.0" encoding="UTF-8"?&gt; &lt;Root&gt;&lt;Parameter name="idContent"&gt;$idContent$&lt;/Parameter&gt;&lt;Parameter name="loginPwd"&gt;$loginPwd$&lt;/Parameter&gt;&lt;Parameter name="openId"/&gt;&lt;Parameter name="validateCode"/&gt;&lt;Parameter name="validateCodeToken"/&gt;&lt;Parameter name="validateCodeType"&gt;NULL&lt;/Parameter&gt;&lt;/Root&gt;</Param>
        </Operation>
      </CaseSet>
    </CaseStep>
    <Aftershell/>
  </Testcase>
  <Textcase>
    <description></description>
    <preCondition></preCondition>
    <textStep></textStep>
    <afterStep></afterStep>
    <expectResult></expectResult>
  </Textcase>
</TestcaseRoot>
