<?xml version="1.0" encoding="UTF-8"?>

<TestcaseRoot>
  <Testcase>
    <Preshell>
      <Operation name="H5接口参数加密">
        <Param name="加密明文">15001923759</Param>
        <Param name="密文[OUT]">&amp;idContent</Param>
        <Param name="加密方法">加码两次</Param>
      </Operation>
      <Operation name="H5接口参数加密">
        <Param name="加密明文">12345abc</Param>
        <Param name="密文[OUT]">&amp;password</Param>
        <Param name="加密方法">加码两次</Param>
      </Operation>
      <Operation name="调用H5接口">
        <Param name="消息模板">\2.帐户\4.账户相关接口\L0020003N 登录接口.json</Param>
        <Param name="参数输入">&lt;?xml version="1.0" encoding="UTF-8"?&gt; &lt;Root&gt;&lt;Parameter name="idContent"&gt;$idContent$&lt;/Parameter&gt;&lt;Parameter name="password"&gt;$password$&lt;/Parameter&gt;&lt;/Root&gt;</Param>
        <Param name="结果校验">&lt;?xml version="1.0" encoding="UTF-8"?&gt; &lt;Root&gt;&lt;Parameter name="errCode"&gt;00&lt;/Parameter&gt;&lt;Parameter name="errMsg"&gt;成功&lt;/Parameter&gt;&lt;Parameter name="loginToken"&gt;&amp;amp;loginToken&lt;/Parameter&gt;&lt;/Root&gt;</Param>
      </Operation>
    </Preshell>
    <CaseStep>
      <CaseSet>
        <Operation name="暂停"/>
        <Operation name="调用H5接口">
          <Param name="消息模板">\2.帐户\2.账户查询接口\T0020007L 实名信息.json</Param>
          <Param name="参数输入">&lt;?xml version="1.0" encoding="UTF-8"?&gt; &lt;Root&gt;&lt;Parameter name="loginToken"&gt;$loginToken$&lt;/Parameter&gt;&lt;Parameter name="version"&gt;1.0&lt;/Parameter&gt;&lt;/Root&gt;</Param>
          <Param name="结果校验">&lt;?xml version="1.0" encoding="UTF-8"?&gt; &lt;Root&gt;&lt;Parameter name="errCode"&gt;00&lt;/Parameter&gt;&lt;Parameter name="errMsg"&gt;成功&lt;/Parameter&gt;&lt;/Root&gt;</Param>
        </Operation>
      </CaseSet>
    </CaseStep>
    <Aftershell/>
  </Testcase>
  <Textcase>
    <description></description>
    <preCondition></preCondition>
    <textStep></textStep>
    <afterStep></afterStep>
    <expectResult></expectResult>
  </Textcase>
  <TestcaseResult>
    <result name="" starttime="2016-11-08 18:07:06.120" endtime="2016-11-08 18:07:12.120" expendTime="6349">
      <result>pass</result>
      <memo></memo>
    </result>
  </TestcaseResult>
</TestcaseRoot>
