<?xml version="1.0" encoding="UTF-8"?>

<TestcaseRoot>
  <Testcase>
    <Preshell/>
    <CaseStep>
      <CaseSet>
        <Operation name="暂停">
          <Param name="时间">3</Param>
        </Operation>
        <Operation name="打印日志">
          <Param name="日志内容">$phoneNo$</Param>
        </Operation>
        <Operation name="打印日志">
          <Param name="日志内容">354656 124154236</Param>
          <Param name="日志级别">WARN</Param>
        </Operation>
      </CaseSet>
    </CaseStep>
    <Aftershell/>
  </Testcase>
  <Textcase>
    <description></description>
    <preCondition></preCondition>
    <textStep></textStep>
    <afterStep></afterStep>
    <expectResult></expectResult>
  </Textcase>
  <TestcaseResult>
    <result name="" starttime="2016-09-19 09:20:46.320" endtime="2016-09-19 09:20:49.320" expendTime="3123">
      <result>pass</result>
      <memo></memo>
    </result>
  </TestcaseResult>
</TestcaseRoot>
