<?xml version="1.0" encoding="UTF-8"?>

<TestcaseRoot>
  <Testcase>
    <Preshell/>
    <CaseStep>
      <CaseSet>
        <Operation name="打印日志">
          <Param name="日志内容">autoTest_firstLogin_android_simulation_#getNow( yyyyMMddHHmmSS )#</Param>
        </Operation>
        <Operation name="设置变量值" comment="true">
          <Param name="变量值">测测111|312121</Param>
          <Param name="变量名">msgTypeList</Param>
        </Operation>
        <Operation name="打印日志" comment="true">
          <Param name="日志内容">#subStr($msgTypeList$, 0, #indexof($msgTypeList$,|,0)#)#</Param>
        </Operation>
        <Operation name="打印日志">
          <Param name="日志内容">#plus(1,2)#</Param>
        </Operation>
        <Operation name="设置变量值">
          <Param name="变量值">#subStr(aaa|bbb, #plus(#indexof(aaa|bbb,|,0)#, 1)#, 30)#</Param>
          <Param name="变量名">msgTypeName</Param>
        </Operation>
        <Operation name="设置变量值">
          <Param name="变量值">aa|bb|cc</Param>
          <Param name="变量名">msgTypeList</Param>
        </Operation>
        <Operation name="打印日志">
          <Param name="日志内容">#getArrayItem($msgTypeList$, \|, 2)#</Param>
        </Operation>
      </CaseSet>
    </CaseStep>
    <Aftershell/>
  </Testcase>
  <Textcase>
    <description></description>
    <preCondition></preCondition>
    <textStep></textStep>
    <afterStep></afterStep>
    <expectResult></expectResult>
  </Textcase>
  <TestcaseResult>
    <result name="" starttime="2016-09-18 16:47:51.582" endtime="2016-09-18 16:47:51.582" expendTime="87">
      <result>pass</result>
      <memo></memo>
    </result>
  </TestcaseResult>
</TestcaseRoot>
