<?xml version="1.0" encoding="UTF-8"?>

<TestcaseRoot>
  <Testcase>
    <Preshell/>
    <CaseStep>
      <CaseSet>
        <Operation name="设置变量值">
          <Param name="变量值">#getNow(yyyyMMddHHmmss)#</Param>
          <Param name="变量名">outTradeNo</Param>
        </Operation>
        <Operation name="设置变量值" comment="true">
          <Param name="变量值">20160909172544</Param>
          <Param name="变量名">outTradeNo</Param>
        </Operation>
        <Operation name="下单">
          <Param name="outTradeNo">$outTradeNo$</Param>
          <Param name="memberCode">$memberCode$</Param>
        </Operation>
      </CaseSet>
    </CaseStep>
    <Aftershell/>
  </Testcase>
  <Textcase>
    <description></description>
    <preCondition></preCondition>
    <textStep></textStep>
    <afterStep></afterStep>
    <expectResult></expectResult>
  </Textcase>
  <TestcaseResult>
    <result name="" starttime="2016-09-12 14:02:37.616" endtime="2016-09-12 14:02:56.616" expendTime="19000">
      <result>fail</result>
      <memo>下单 : 获取订单号失败</memo>
    </result>
  </TestcaseResult>
</TestcaseRoot>
