<?xml version="1.0" encoding="UTF-8"?>

<TestcaseRoot>
  <Testcase>
    <Preshell/>
    <CaseStep>
      <CaseSet>
        <Operation name="调用H5接口">
          <Param name="消息模板">\2.帐户\4.账户相关接口\L0020002N 注册快钱账号1.0.json</Param>
          <Param name="参数输入">&lt;?xml version="1.0" encoding="UTF-8"?&gt; &lt;Root&gt;&lt;Parameter name="agree"/&gt;&lt;Parameter name="encMobileNo"/&gt;&lt;Parameter name="loginPwd"/&gt;&lt;Parameter name="regFrom"/&gt;&lt;Parameter name="validateCode"/&gt;&lt;Parameter name="validateCodeToken"/&gt;&lt;Parameter name="validateCodeType"/&gt;&lt;/Root&gt;</Param>
        </Operation>
      </CaseSet>
    </CaseStep>
    <Aftershell/>
  </Testcase>
  <Textcase>
    <description></description>
    <preCondition></preCondition>
    <textStep></textStep>
    <afterStep></afterStep>
    <expectResult></expectResult>
  </Textcase>
</TestcaseRoot>
