<?xml version="1.0" encoding="UTF-8"?>

<TestcaseRoot>
  <Testcase>
    <Preshell/>
    <CaseStep>
      <CaseSet>
        <Operation name="打印日志"/>
        <Operation name="H5接口参数加密">
          <Param name="加密明文">$h5.02.idContent$</Param>
          <Param name="加密方法">加码两次</Param>
          <Param name="密文[OUT]">&amp;idContent</Param>
        </Operation>
        <Operation name="H5接口参数加密">
          <Param name="加密明文">$h5.02.loginPwd$</Param>
          <Param name="加密方法">加码两次</Param>
          <Param name="密文[OUT]">&amp;password</Param>
        </Operation>
        <Operation name="调用H5接口">
          <Param name="参数输入">&lt;?xml version="1.0" encoding="UTF-8"?&gt; &lt;Root&gt;&lt;Parameter name="idContent"&gt;$idContent$&lt;/Parameter&gt;&lt;Parameter name="password"&gt;$password$&lt;/Parameter&gt;&lt;/Root&gt;</Param>
          <Param name="消息模板">\2.帐户\4.账户相关接口\L0020003N 登录接口.json</Param>
        </Operation>
      </CaseSet>
    </CaseStep>
    <Aftershell/>
  </Testcase>
  <Textcase>
    <description></description>
    <preCondition></preCondition>
    <textStep></textStep>
    <afterStep></afterStep>
    <expectResult></expectResult>
  </Textcase>
  <TestcaseResult>
    <result name="" starttime="2016-11-17 17:55:05.505" endtime="2016-11-17 17:55:06.505" expendTime="780">
      <result>pass</result>
      <memo></memo>
    </result>
  </TestcaseResult>
</TestcaseRoot>
