<?xml version="1.0" encoding="UTF-8"?>

<TestcaseRoot> 
  <Testcase> 
    <Preshell/>  
    <CaseStep> 
      <CaseSet> 
        <Operation name="设置变量值"> 
          <Param name="变量值">guest</Param>  
          <Param name="变量名">userName</Param> 
        </Operation>  
        <Operation name="设置变量值"> 
          <Param name="变量值">MP_IOS_APP_KQB_99bill_2.9.2_1604051935_01</Param>  
          <Param name="变量名">mbp.AppVersion</Param> 
        </Operation>  
        <Operation name="设置变量值"> 
          <Param name="变量值">iOS</Param>  
          <Param name="变量名">mbp.AppType</Param> 
        </Operation>  
        <Operation name="设置变量值"> 
          <Param name="变量值">4.6</Param>  
          <Param name="变量名">mbp.version</Param> 
        </Operation>  
        <Operation name="获取配置ZIP地址"> 
          <Param name="变量名">aaa</Param> 
        </Operation> 
      </CaseSet> 
    </CaseStep>  
    <Aftershell/> 
  </Testcase>  
  <TestcaseResult/>
</TestcaseRoot>
