<?xml version="1.0" encoding="UTF-8"?>

<TestcaseRoot>
  <Testcase>
    <Preshell/>
    <CaseStep>
      <CaseSet>
        <Operation name="获取登录校验码" comment="true">
          <Param name="用户名">17899990001</Param>
        </Operation>
        <Operation name="获取短消息类型" comment="true">
          <Param name="变量名">msgType</Param>
        </Operation>
        <Operation name="设置变量值">
          <Param name="变量值">iOS</Param>
          <Param name="变量名">mbp.AppType</Param>
        </Operation>
        <Operation name="设置变量值">
          <Param name="变量值">MP_IOS_APP_KQB_99bill_2.9.2_1604051935_01</Param>
          <Param name="变量名">mbp.AppVersion</Param>
        </Operation>
        <Operation name="获取配置名称">
          <Param name="变量名">ParameteInfo</Param>
        </Operation>
      </CaseSet>
    </CaseStep>
    <Aftershell/>
  </Testcase>
</TestcaseRoot>
