<?xml version="1.0" encoding="UTF-8"?>

<TestcaseRoot>
  <Testcase>
    <Preshell/>
    <CaseStep>
      <CaseSet>
        <Operation name="设置变量值">
          <Param name="变量值">MP_IOS_APP_KQB_99bill_2.9.2_1604051935_01</Param>
          <Param name="变量名">mbp.AppVersion</Param>
        </Operation>
        <Operation name="设置变量值">
          <Param name="变量值">xxhdpi</Param>
          <Param name="变量名">resolution</Param>
        </Operation>
        <Operation name="设置变量值">
          <Param name="变量值">iOS</Param>
          <Param name="变量名">mbp.AppType</Param>
        </Operation>
        <Operation name="获取资源包信息">
          <Param name="投放渠道号">105</Param>
          <Param name="变量名">aaa</Param>
          <Param name="分辨率">2x</Param>
        </Operation>
      </CaseSet>
    </CaseStep>
    <Aftershell/>
  </Testcase>
  <Textcase>
    <description></description>
    <preCondition></preCondition>
    <textStep></textStep>
    <afterStep></afterStep>
    <expectResult></expectResult>
  </Textcase>
</TestcaseRoot>
