<?xml version="1.0" encoding="UTF-8"?>

<TestcaseRoot>
  <Testcase>
    <Preshell/>
    <CaseStep>
      <CaseSet>
        <Operation name="H5接口参数加密">
          <Param name="加密方法">加码两次</Param>
          <Param name="密文[OUT]">&amp;encMobileNo</Param>
          <Param name="加密明文">15001923759</Param>
        </Operation>
        <Operation name="调用H5接口">
          <Param name="参数输入">&lt;?xml version="1.0" encoding="UTF-8"?&gt; &lt;Root&gt;&lt;Parameter name="bizType"&gt;28&lt;/Parameter&gt;&lt;Parameter name="encMobileNo"&gt;$encMobileNo$&lt;/Parameter&gt;&lt;/Root&gt;</Param>
          <Param name="消息模板">\1.基础\1.基础接口\C0010001N 生成MAM短信验证码.json</Param>
        </Operation>
      </CaseSet>
    </CaseStep>
    <Aftershell/>
  </Testcase>
  <Textcase>
    <description></description>
    <preCondition></preCondition>
    <textStep></textStep>
    <afterStep></afterStep>
    <expectResult></expectResult>
  </Textcase>
  <TestcaseResult>
    <result name="" starttime="2016-11-03 17:29:51.207" endtime="2016-11-03 17:29:52.207" expendTime="1777">
      <result>pass</result>
      <memo></memo>
    </result>
  </TestcaseResult>
</TestcaseRoot>
