<?xml version="1.0" encoding="UTF-8"?>

<TestcaseRoot>
  <Testcase>
    <Preshell/>
    <CaseStep>
      <CaseSet>
        <Operation name="设置变量值">
          <Param name="变量值">17899900002</Param>
          <Param name="变量名">PhoneNo</Param>
        </Operation>
        <Operation name="设置变量值">
          <Param name="变量值">ffffffff-a173-38aa-ffff-fffff7e62183</Param>
          <Param name="变量名">deviceInfo.deviceId</Param>
        </Operation>
        <Operation name="设置变量值">
          <Param name="变量值">2.9.3.18</Param>
          <Param name="变量名">mbp.AppVersion</Param>
        </Operation>
        <Operation name="设置变量值">
          <Param name="变量值">Android</Param>
          <Param name="变量名">mbp.AppType</Param>
        </Operation>
        <Operation name="设置变量值">
          <Param name="变量值">4.6</Param>
          <Param name="变量名">mbp.version</Param>
        </Operation>
        <Operation name="发送Mbp消息">
          <Param name="消息模板">\CPay\M317-查询飞凡通帐号是否存在.json</Param>
          <Param name="参数输入">&lt;?xml version="1.0" encoding="UTF-8"?&gt; &lt;Root&gt;&lt;Parameter name="userName"&gt;$PhoneNo$&lt;/Parameter&gt;&lt;Parameter name="deviceInfo.deviceId"&gt;$deviceInfo.deviceId$&lt;/Parameter&gt;&lt;/Root&gt;</Param>
          <Param name="结果校验">&lt;?xml version="1.0" encoding="UTF-8"?&gt; &lt;Root&gt;&lt;Parameter name="responseCode"&gt;01&lt;/Parameter&gt;&lt;Parameter name="responseMsg"&gt;飞凡通用户已存在&lt;/Parameter&gt;&lt;/Root&gt;</Param>
        </Operation>
        <Operation name="发送Mbp消息">
          <Param name="消息模板">\CPay\M004-GetValidateCode.json</Param>
          <Param name="参数输入">&lt;?xml version="1.0" encoding="UTF-8"?&gt; &lt;Root&gt;&lt;Parameter name="userName"&gt;$PhoneNo$&lt;/Parameter&gt;&lt;Parameter name="deviceInfo.deviceId"&gt;$deviceInfo.deviceId$&lt;/Parameter&gt;&lt;Parameter name="businessType"&gt;4&lt;/Parameter&gt;&lt;Parameter name="userMebCode"&gt;$userMebCode$&lt;/Parameter&gt;&lt;Parameter name="resendFlag"&gt;0&lt;/Parameter&gt;&lt;/Root&gt;</Param>
          <Param name="结果校验">&lt;?xml version="1.0" encoding="UTF-8"?&gt; &lt;Root&gt;&lt;Parameter name="responseCode"&gt;00&lt;/Parameter&gt;&lt;Parameter name="msgContent.token"&gt;&amp;amp;token&lt;/Parameter&gt;&lt;/Root&gt;</Param>
        </Operation>
        <Operation name="获取登录校验码">
          <Param name="用户名">$PhoneNo$</Param>
        </Operation>
        <Operation name="发送Mbp消息">
          <Param name="消息模板">\CPay\M103-登录前忘记密码管理.json</Param>
          <Param name="参数输入">&lt;?xml version="1.0" encoding="UTF-8"?&gt; &lt;Root&gt;&lt;Parameter name="token"&gt;$token$&lt;/Parameter&gt;&lt;Parameter name="validateCode"&gt;$ValidCode$&lt;/Parameter&gt;&lt;Parameter name="password"&gt;$password$&lt;/Parameter&gt;&lt;Parameter name="userMebCode"&gt;$userMebCode$&lt;/Parameter&gt;&lt;/Root&gt;</Param>
          <Param name="结果校验">&lt;?xml version="1.0" encoding="UTF-8"?&gt; &lt;Root&gt;&lt;Parameter name="responseCode"&gt;00&lt;/Parameter&gt;&lt;Parameter name="responseMsg"&gt;成功&lt;/Parameter&gt;&lt;/Root&gt;</Param>
        </Operation>
        <Operation name="发送Mbp消息">
          <Param name="消息模板">\login\M320-login.json</Param>
          <Param name="参数输入">&lt;?xml version="1.0" encoding="UTF-8"?&gt; &lt;Root&gt;&lt;Parameter name="password"&gt;$password$&lt;/Parameter&gt;&lt;Parameter name="userName"&gt;$PhoneNo$&lt;/Parameter&gt;&lt;Parameter name="deviceInfo.deviceId"&gt;$deviceInfo.deviceId$&lt;/Parameter&gt;&lt;/Root&gt;</Param>
          <Param name="结果校验">&lt;?xml version="1.0" encoding="UTF-8"?&gt; &lt;Root&gt;&lt;Parameter name="responseCode"&gt;00&lt;/Parameter&gt;&lt;/Root&gt;</Param>
        </Operation>
      </CaseSet>
    </CaseStep>
    <Aftershell/>
  </Testcase>
  <Textcase>
    <description></description>
    <preCondition></preCondition>
    <textStep></textStep>
    <afterStep></afterStep>
    <expectResult></expectResult>
  </Textcase>
</TestcaseRoot>
