<?xml version="1.0" encoding="UTF-8"?>

<TestcaseRoot>
  <Testcase>
    <Preshell/>
    <CaseStep>
      <CaseSet>
        <Operation name="设置变量值">
          <Param name="变量值">17899900002</Param>
          <Param name="变量名">userName</Param>
        </Operation>
        <Operation name="设置变量值">
          <Param name="变量值">zxcvbnm1</Param>
          <Param name="变量名">password</Param>
        </Operation>
        <Operation name="设置变量值">
          <Param name="变量值">adv_android_simulation_2</Param>
          <Param name="变量名">deviceInfo.deviceId</Param>
        </Operation>
        <Operation name="发送Mbp消息">
          <Param name="消息模板">\login\M119-login.json</Param>
          <Param name="参数输入">&lt;?xml version="1.0" encoding="UTF-8"?&gt; &lt;Root&gt;&lt;Parameter name="userName"&gt;$userName$&lt;/Parameter&gt;&lt;Parameter name="password"&gt;$password$&lt;/Parameter&gt;&lt;Parameter name="deviceInfo.deviceId"&gt;$deviceInfo.deviceId$&lt;/Parameter&gt;&lt;/Root&gt;</Param>
          <Param name="结果校验">&lt;?xml version="1.0" encoding="UTF-8"?&gt; &lt;Root&gt;&lt;Parameter name="responseCode"&gt;00&lt;/Parameter&gt;&lt;/Root&gt;</Param>
        </Operation>
      </CaseSet>
    </CaseStep>
    <Aftershell/>
  </Testcase>
  <Textcase>
    <description></description>
    <preCondition></preCondition>
    <textStep></textStep>
    <afterStep></afterStep>
    <expectResult></expectResult>
  </Textcase>
  <TestcaseResult>
    <result name="" starttime="2016-09-05 17:30:03.954" endtime="2016-09-05 17:30:08.954" expendTime="4966">
      <result>pass</result>
      <memo></memo>
    </result>
  </TestcaseResult>
</TestcaseRoot>
