<?xml version="1.0" encoding="UTF-8"?>

<TestcaseRoot>
  <Testcase>
    <Preshell/>
    <CaseStep>
      <CaseSet>
        <Operation name="设置变量值">
          <Param name="变量值">17899900008</Param>
          <Param name="变量名">userName</Param>
        </Operation>
        <Operation name="设置变量值">
          <Param name="变量值">Android</Param>
          <Param name="变量名">mbp.AppType</Param>
        </Operation>
        <Operation name="设置变量值">
          <Param name="变量值">2.9.1</Param>
          <Param name="变量名">mbp.AppVersion</Param>
        </Operation>
        <Operation name="设置变量值">
          <Param name="变量值">4.6</Param>
          <Param name="变量名">mbp.version</Param>
        </Operation>
        <Operation name="设置变量值">
          <Param name="变量值">101</Param>
          <Param name="变量名">publishNo</Param>
        </Operation>
        <Operation name="设置变量值">
          <Param name="变量值">2x</Param>
          <Param name="变量名">resolution</Param>
        </Operation>
        <Operation name="获取九宫格配置消息">
          <Param name="投放渠道号">$publishNo$</Param>
          <Param name="变量名">lifeAppInfo</Param>
        </Operation>
        <Operation name="发送Mbp消息">
          <Param name="消息模板">\oms\M216-九宫格配置接口.json</Param>
          <Param name="参数输入">&lt;?xml version="1.0" encoding="UTF-8"?&gt; &lt;Root&gt;&lt;Parameter name="city"&gt;{NULL}&lt;/Parameter&gt;&lt;/Root&gt;</Param>
          <Param name="结果校验">&lt;?xml version="1.0" encoding="UTF-8"?&gt; &lt;Root&gt;&lt;Parameter name="responseCode"&gt;02&lt;/Parameter&gt;&lt;Parameter name="msgContent.lifeAppInfo" type="json"&gt;$lifeAppInfo$&lt;/Parameter&gt;&lt;Parameter name="responseMsg"&gt;请求成功,全部更新&lt;/Parameter&gt;&lt;/Root&gt;</Param>
        </Operation>
      </CaseSet>
    </CaseStep>
    <Aftershell/>
  </Testcase>
  <Textcase>
    <description></description>
    <preCondition></preCondition>
    <textStep></textStep>
    <afterStep></afterStep>
    <expectResult></expectResult>
  </Textcase>
  <TestcaseResult>
    <result name="" starttime="2016-08-29 15:47:26.858" endtime="2016-08-29 15:47:27.858" expendTime="487">
      <result>fail</result>
      <memo>发送Mbp消息 : 发送Mbp Protobuf消息失败。\oms\M216-九宫格配置接口.json</memo>
    </result>
  </TestcaseResult>
</TestcaseRoot>
