<?xml version="1.0" encoding="UTF-8"?>

<TestcaseRoot>
  <Testcase>
    <Preshell/>
    <CaseStep>
      <CaseSet>
        <Operation name="设置变量值">
          <Param name="变量值">guest</Param>
          <Param name="变量名">userName</Param>
        </Operation>
        <Operation name="设置变量值">
          <Param name="变量值">Android</Param>
          <Param name="变量名">mbp.AppType</Param>
        </Operation>
        <Operation name="设置变量值">
          <Param name="变量值">2.9.1</Param>
          <Param name="变量名">mbp.AppVersion</Param>
        </Operation>
        <Operation name="设置变量值">
          <Param name="变量值">4.6</Param>
          <Param name="变量名">mbp.version</Param>
        </Operation>
        <Operation name="设置变量值">
          <Param name="变量值">00000000-6a0a-a92e-0000-00000d266464</Param>
          <Param name="变量名">deviceInfo.deviceId</Param>
        </Operation>
        <Operation name="发送Mbp消息">
          <Param name="消息模板">\oms\M235-GetMessageType.json</Param>
          <Param name="参数输入">&lt;?xml version="1.0" encoding="UTF-8"?&gt; &lt;Root&gt;&lt;Parameter name="userName"&gt;$userName$&lt;/Parameter&gt;&lt;Parameter name="mbp.version"&gt;$mbp.version$&lt;/Parameter&gt;&lt;Parameter name="mbp.AppType"&gt;$mbp.AppType$&lt;/Parameter&gt;&lt;Parameter name="mbp.AppVersion"&gt;$mbp.AppVersion$&lt;/Parameter&gt;&lt;Parameter name="resolution"&gt;2x&lt;/Parameter&gt;&lt;Parameter name="pageNo"&gt;1&lt;/Parameter&gt;&lt;/Root&gt;</Param>
          <Param name="结果校验">&lt;?xml version="1.0" encoding="UTF-8"?&gt; &lt;Root&gt;&lt;Parameter name="responseCode"&gt;00&lt;/Parameter&gt;&lt;Parameter name="msgContent.msgTypeInfo.typeId[2]" type="string"&gt;&amp;amp;msgTypeInfo&lt;/Parameter&gt;&lt;/Root&gt;</Param>
        </Operation>
        <Operation name="发送Mbp消息">
          <Param name="消息模板">\oms\M207-QueryMsgList.json</Param>
          <Param name="参数输入">&lt;?xml version="1.0" encoding="UTF-8"?&gt; &lt;Root&gt;&lt;Parameter name="userName"&gt;$userName$&lt;/Parameter&gt;&lt;Parameter name="mbp.version"&gt;$mbp.version$&lt;/Parameter&gt;&lt;Parameter name="mbp.AppType"&gt;$mbp.AppType$&lt;/Parameter&gt;&lt;Parameter name="mbp.AppVersion"&gt;$mbp.AppVersion$&lt;/Parameter&gt;&lt;Parameter name="msgTypeId"&gt;$msgTypeInfo$&lt;/Parameter&gt;&lt;Parameter name="pageNo"&gt;1&lt;/Parameter&gt;&lt;/Root&gt;</Param>
          <Param name="结果校验">&lt;?xml version="1.0" encoding="UTF-8"?&gt; &lt;Root&gt;&lt;Parameter name="responseCode"&gt;00&lt;/Parameter&gt;&lt;Parameter name="msgContent.msgInfo.id[1]" type="string"&gt;&amp;amp;msgInfo&lt;/Parameter&gt;&lt;/Root&gt;</Param>
        </Operation>
        <Operation name="发送Mbp消息">
          <Param name="消息模板">\oms\M236-GetMsgDetail.json</Param>
          <Param name="参数输入">&lt;?xml version="1.0" encoding="UTF-8"?&gt; &lt;Root&gt;&lt;Parameter name="msgId"&gt;$msgInfo$&lt;/Parameter&gt;&lt;Parameter name="msgTypeId"&gt;$msgTypeInfo$&lt;/Parameter&gt;&lt;/Root&gt;</Param>
          <Param name="结果校验">&lt;?xml version="1.0" encoding="UTF-8"?&gt; &lt;Root&gt;&lt;Parameter name="responseCode"&gt;00&lt;/Parameter&gt;&lt;Parameter name="responseMsg"&gt;M236接口调用成功&lt;/Parameter&gt;&lt;/Root&gt;</Param>
        </Operation>
      </CaseSet>
    </CaseStep>
    <Aftershell/>
  </Testcase>
  <Textcase>
    <description></description>
    <preCondition></preCondition>
    <textStep></textStep>
    <afterStep></afterStep>
    <expectResult></expectResult>
  </Textcase>
  <TestcaseResult>
    <result name="" starttime="2016-08-29 17:46:31.137" endtime="2016-08-29 17:46:31.137" expendTime="729">
      <result>pass</result>
      <memo></memo>
    </result>
  </TestcaseResult>
</TestcaseRoot>
