<?xml version="1.0" encoding="UTF-8"?>

<TestcaseRoot>
  <Testcase>
    <Preshell/>
    <CaseStep>
      <CaseSet>
        <Operation name="设置变量值">
          <Param name="变量值">guest</Param>
          <Param name="变量名">userName</Param>
        </Operation>
        <Operation name="设置变量值">
          <Param name="变量值">iOS</Param>
          <Param name="变量名">mbp.AppType</Param>
        </Operation>
        <Operation name="设置变量值">
          <Param name="变量值">MP_IOS_APP_KQB_99bill_2.8.5_1604051935_01</Param>
          <Param name="变量名">mbp.AppVersion</Param>
        </Operation>
        <Operation name="设置变量值">
          <Param name="变量值">4.5</Param>
          <Param name="变量名">mbp.version</Param>
        </Operation>
        <Operation name="设置变量值">
          <Param name="变量值">0</Param>
          <Param name="变量名">resourceId</Param>
        </Operation>
        <Operation name="设置变量值">
          <Param name="变量值">2x</Param>
          <Param name="变量名">resolution</Param>
        </Operation>
        <Operation name="设置变量值">
          <Param name="变量值">4.0</Param>
          <Param name="变量名">resourceVersion</Param>
        </Operation>
        <Operation name="获取资源包信息">
          <Param name="投放渠道号">$resourceId$</Param>
          <Param name="变量名">ResouceInfo</Param>
          <Param name="分辨率">2x</Param>
        </Operation>
        <Operation name="发送Mbp消息">
          <Param name="消息模板">\oms\M264-GetResource.json</Param>
          <Param name="参数输入">&lt;?xml version="1.0" encoding="UTF-8"?&gt; &lt;Root&gt;&lt;Parameter name="city"&gt;{NULL}&lt;/Parameter&gt;&lt;/Root&gt;</Param>
          <Param name="结果校验">&lt;?xml version="1.0" encoding="UTF-8"?&gt; &lt;Root&gt;&lt;Parameter name="responseCode"&gt;00&lt;/Parameter&gt;&lt;Parameter name="msgContent.resourceInfo" type="json"&gt;$ResouceInfo$&lt;/Parameter&gt;&lt;Parameter name="responseMsg"&gt;返回成功。&lt;/Parameter&gt;&lt;/Root&gt;</Param>
        </Operation>
      </CaseSet>
    </CaseStep>
    <Aftershell/>
  </Testcase>
  <Textcase>
    <description></description>
    <preCondition></preCondition>
    <textStep></textStep>
    <afterStep></afterStep>
    <expectResult></expectResult>
  </Textcase>
  <TestcaseResult>
    <result name="" starttime="2016-09-13 16:00:59.834" endtime="2016-09-13 16:01:00.834" expendTime="520">
      <result>pass</result>
      <memo></memo>
    </result>
  </TestcaseResult>
</TestcaseRoot>
