<?xml version="1.0" encoding="UTF-8"?>

<TestcaseRoot>
  <Testcase>
    <Preshell/>
    <CaseStep>
      <CaseSet>
        <Operation name="设置变量值">
          <Param name="变量值">guest</Param>
          <Param name="变量名">userName</Param>
        </Operation>
        <Operation name="设置变量值">
          <Param name="变量值">Android</Param>
          <Param name="变量名">mbp.AppType</Param>
        </Operation>
        <Operation name="设置变量值">
          <Param name="变量值">2.9.2</Param>
          <Param name="变量名">mbp.AppVersion</Param>
        </Operation>
        <Operation name="设置变量值">
          <Param name="变量值">4.6</Param>
          <Param name="变量名">mbp.version</Param>
        </Operation>
        <Operation name="获取配置ZIP地址">
          <Param name="变量名">CommonFileInfo</Param>
        </Operation>
        <Operation name="获取配置渠道号">
          <Param name="变量名">ConfInfo</Param>
        </Operation>
        <Operation name="获取配置名称">
          <Param name="变量名">ParameterInfo</Param>
        </Operation>
        <Operation name="发送M255消息">
          <Param name="配置名称">$ParameterInfo$</Param>
          <Param name="投放渠道号">0</Param>
          <Param name="响应消息Md5">&amp;Md5</Param>
          <Param name="配置渠道号">$ConfInfo$</Param>
          <Param name="响应码">00</Param>
          <Param name="配置ZIP地址">$CommonFileInfo$</Param>
        </Operation>
      </CaseSet>
    </CaseStep>
    <Aftershell/>
  </Testcase>
</TestcaseRoot>
