<?xml version="1.0" encoding="UTF-8"?>

<TestcaseRoot>
  <Testcase>
    <Preshell/>
    <CaseStep>
      <CaseSet>
        <CaseGroup name="变量设置">
          <Operation name="设置变量值">
            <Param name="变量值">17899900009</Param>
            <Param name="变量名">PhoneNo</Param>
          </Operation>
          <Operation name="设置变量值">
            <Param name="变量值">ios_simulation_$PhoneNo$</Param>
            <Param name="变量名">deviceInfo.deviceId</Param>
          </Operation>
          <Operation name="设置变量值">
            <Param name="变量值">2.9.2</Param>
            <Param name="变量名">mbp.AppVersion</Param>
          </Operation>
          <Operation name="设置变量值">
            <Param name="变量值">Android</Param>
            <Param name="变量名">mbp.AppType</Param>
          </Operation>
          <Operation name="设置变量值">
            <Param name="变量值">4.6</Param>
            <Param name="变量名">mbp.version</Param>
          </Operation>
          <Operation name="设置变量值">
            <Param name="变量值">10.13.83.107</Param>
            <Param name="变量名">ip</Param>
          </Operation>
        </CaseGroup>
        <Comment>注册用户</Comment>
        <Operation name="发送Mbp消息">
          <Param name="消息模板">\CPay\M083-GetMemInfo.json</Param>
          <Param name="参数输入">&lt;?xml version="1.0" encoding="UTF-8"?&gt; &lt;Root&gt;&lt;Parameter name="userName"&gt;$PhoneNo$&lt;/Parameter&gt;&lt;Parameter name="deviceInfo.deviceId"&gt;$deviceInfo.deviceId$&lt;/Parameter&gt;&lt;/Root&gt;</Param>
          <Param name="结果校验">&lt;?xml version="1.0" encoding="UTF-8"?&gt; &lt;Root&gt;&lt;Parameter name="responseMsg"&gt;用户不存在&lt;/Parameter&gt;&lt;Parameter name="responseCode"&gt;00&lt;/Parameter&gt;&lt;/Root&gt;</Param>
        </Operation>
        <Operation name="发送Mbp消息">
          <Param name="消息模板">\CPay\M004-GetValidateCode.json</Param>
          <Param name="参数输入">&lt;?xml version="1.0" encoding="UTF-8"?&gt; &lt;Root&gt;&lt;Parameter name="userName"&gt;$PhoneNo$&lt;/Parameter&gt;&lt;Parameter name="deviceInfo.deviceId"&gt;$deviceInfo.deviceId$&lt;/Parameter&gt;&lt;Parameter name="businessType"&gt;1&lt;/Parameter&gt;&lt;Parameter name="userMebCode"/&gt;&lt;/Root&gt;</Param>
          <Param name="结果校验">&lt;?xml version="1.0" encoding="UTF-8"?&gt; &lt;Root&gt;&lt;Parameter name="responseCode"&gt;00&lt;/Parameter&gt;&lt;Parameter name="msgContent.token"&gt;&amp;amp;token&lt;/Parameter&gt;&lt;/Root&gt;</Param>
        </Operation>
        <Operation name="获取登录校验码">
          <Param name="用户名">$PhoneNo$</Param>
        </Operation>
        <Operation name="发送Mbp消息">
          <Param name="消息模板">\CPay\M233-Regist.json</Param>
          <Param name="参数输入">&lt;?xml version="1.0" encoding="UTF-8"?&gt; &lt;Root&gt;&lt;Parameter name="userName"&gt;$PhoneNo$&lt;/Parameter&gt;&lt;Parameter name="deviceInfo.deviceId"&gt;$deviceInfo.deviceId$&lt;/Parameter&gt;&lt;Parameter name="validateCode"&gt;$ValidCode$&lt;/Parameter&gt;&lt;Parameter name="password"&gt;zxcvbnm1&lt;/Parameter&gt;&lt;/Root&gt;</Param>
          <Param name="结果校验">&lt;?xml version="1.0" encoding="UTF-8"?&gt; &lt;Root&gt;&lt;Parameter name="responseCode"&gt;00&lt;/Parameter&gt;&lt;/Root&gt;</Param>
        </Operation>
        <Comment>注册后登录</Comment>
        <Operation name="发送Mbp消息">
          <Param name="消息模板">\login\M320-login.json</Param>
          <Param name="参数输入">&lt;?xml version="1.0" encoding="UTF-8"?&gt; &lt;Root&gt;&lt;Parameter name="password"&gt;zxcvbnm1&lt;/Parameter&gt;&lt;Parameter name="userName"&gt;$PhoneNo$&lt;/Parameter&gt;&lt;Parameter name="deviceInfo.deviceId"&gt;$deviceInfo.deviceId$&lt;/Parameter&gt;&lt;/Root&gt;</Param>
          <Param name="结果校验">&lt;?xml version="1.0" encoding="UTF-8"?&gt; &lt;Root&gt;&lt;Parameter name="responseCode"&gt;00&lt;/Parameter&gt;&lt;/Root&gt;</Param>
        </Operation>
      </CaseSet>
    </CaseStep>
    <Aftershell>
      <Operation name="获取登录校验码"/>
      <Operation name="执行Sql语句"/>
      <Operation name="执行Sql的Select语句"/>
      <Operation name="获取短消息类型"/>
    </Aftershell>
  </Testcase>
  <Textcase>
    <description></description>
    <preCondition></preCondition>
    <textStep></textStep>
    <afterStep></afterStep>
    <expectResult></expectResult>
  </Textcase>
  <TestcaseResult>
    <result name="" starttime="2016-09-06 10:55:42.632" endtime="2016-09-06 10:55:43.632" expendTime="1000">
      <result>fail</result>
      <memo>发送Mbp消息 : 发送Mbp Protobuf消息失败。\CPay\M083-GetMemInfo.json</memo>
    </result>
  </TestcaseResult>
</TestcaseRoot>
