<?xml version="1.0" encoding="UTF-8"?>

<TestcaseRoot>
  <Testcase>
    <Preshell/>
    <CaseStep>
      <CaseSet>
        <Operation name="设置变量值">
          <Param name="变量值">17899900009</Param>
          <Param name="变量名">userName</Param>
        </Operation>
        <Operation name="设置变量值">
          <Param name="变量值">zxcvbnm1</Param>
          <Param name="变量名">password</Param>
        </Operation>
        <Operation name="设置变量值">
          <Param name="变量值">android_simulation_17899990003</Param>
          <Param name="变量名">deviceInfo.deviceId</Param>
        </Operation>
        <Operation name="设置变量值">
          <Param name="变量值">2.9.2</Param>
          <Param name="变量名">mbp.AppVersion</Param>
        </Operation>
        <Operation name="设置变量值">
          <Param name="变量值">Android</Param>
          <Param name="变量名">mbp.AppType</Param>
        </Operation>
        <Operation name="设置变量值">
          <Param name="变量值">4.6</Param>
          <Param name="变量名">mbp.version</Param>
        </Operation>
        <Operation name="发送Mbp消息">
          <Param name="消息模板">\login\M320-login.json</Param>
          <Param name="参数输入">&lt;?xml version="1.0" encoding="UTF-8"?&gt; &lt;Root&gt;&lt;Parameter name="password"&gt;$password$&lt;/Parameter&gt;&lt;Parameter name="userName"&gt;$userName$&lt;/Parameter&gt;&lt;Parameter name="deviceInfo.deviceId"&gt;$deviceInfo.deviceId$&lt;/Parameter&gt;&lt;/Root&gt;</Param>
          <Param name="结果校验">&lt;?xml version="1.0" encoding="UTF-8"?&gt; &lt;Root&gt;&lt;Parameter name="responseCode"&gt;00&lt;/Parameter&gt;&lt;Parameter name="msgContent.firstLoginFlg"&gt;0&lt;/Parameter&gt;&lt;Parameter name="appendData"&gt;&amp;amp;appendData&lt;/Parameter&gt;&lt;/Root&gt;</Param>
        </Operation>
        <Operation name="发送Mbp消息">
          <Param name="消息模板">\CPay\M293-首次登录取验证码.json</Param>
          <Param name="结果校验">&lt;?xml version="1.0" encoding="UTF-8"?&gt; &lt;Root&gt;&lt;Parameter name="responseCode"&gt;00&lt;/Parameter&gt;&lt;Parameter name="msgContent.token"&gt;&amp;amp;token&lt;/Parameter&gt;&lt;/Root&gt;</Param>
        </Operation>
        <Operation name="获取登录校验码">
          <Param name="用户名">$userName$</Param>
          <Param name="校验码">&amp;ValidCode</Param>
        </Operation>
        <Operation name="发送Mbp消息">
          <Param name="消息模板">\CPay\M294-登录验证.json</Param>
          <Param name="参数输入">&lt;?xml version="1.0" encoding="UTF-8"?&gt; &lt;Root&gt;&lt;Parameter name="validateCode"&gt;$ValidCode$&lt;/Parameter&gt;&lt;Parameter name="token"&gt;$token$&lt;/Parameter&gt;&lt;/Root&gt;</Param>
          <Param name="结果校验">&lt;?xml version="1.0" encoding="UTF-8"?&gt; &lt;Root&gt;&lt;Parameter name="responseCode"&gt;00&lt;/Parameter&gt;&lt;/Root&gt;</Param>
        </Operation>
        <Operation name="发送Mbp消息">
          <Param name="消息模板">\CPay\M267-实名渠道查询.json</Param>
          <Param name="结果校验">&lt;?xml version="1.0" encoding="UTF-8"?&gt; &lt;Root&gt;&lt;Parameter name="responseCode"&gt;00&lt;/Parameter&gt;&lt;/Root&gt;</Param>
        </Operation>
        <Operation name="发送Mbp消息">
          <Param name="消息模板">\login\M320-login.json</Param>
          <Param name="参数输入">&lt;?xml version="1.0" encoding="UTF-8"?&gt; &lt;Root&gt;&lt;Parameter name="password"&gt;$password$&lt;/Parameter&gt;&lt;Parameter name="userName"&gt;$userName$&lt;/Parameter&gt;&lt;Parameter name="deviceInfo.deviceId"&gt;$deviceInfo.deviceId$&lt;/Parameter&gt;&lt;/Root&gt;</Param>
          <Param name="结果校验">&lt;?xml version="1.0" encoding="UTF-8"?&gt; &lt;Root&gt;&lt;Parameter name="responseCode"&gt;00&lt;/Parameter&gt;&lt;Parameter name="msgContent.firstLoginFlg"&gt;1&lt;/Parameter&gt;&lt;/Root&gt;</Param>
        </Operation>
      </CaseSet>
    </CaseStep>
    <Aftershell/>
  </Testcase>
  <Textcase>
    <description></description>
    <preCondition></preCondition>
    <textStep></textStep>
    <afterStep></afterStep>
    <expectResult></expectResult>
  </Textcase>
</TestcaseRoot>
