<?xml version="1.0" encoding="UTF-8"?>

<TestcaseRoot>
  <Testcase>
    <Preshell/>
    <CaseStep>
      <CaseSet>
        <Operation name="调用H5接口">
          <Param name="消息模板">\10.支付\2.快捷支付\C0100005N 快捷支付.json</Param>
          <Param name="参数输入">&lt;?xml version="1.0" encoding="UTF-8"?&gt; &lt;Root&gt;&lt;Parameter name="bankId"/&gt;&lt;Parameter name="billOrderNo"/&gt;&lt;Parameter name="cardType"/&gt;&lt;Parameter name="currencyCode"/&gt;&lt;Parameter name="customerId"/&gt;&lt;Parameter name="cvv2"/&gt;&lt;Parameter name="expiredDate"/&gt;&lt;Parameter name="idNumber"/&gt;&lt;Parameter name="merchantCode"/&gt;&lt;Parameter name="merchantId"/&gt;&lt;Parameter name="name"/&gt;&lt;Parameter name="outTradeNo"/&gt;&lt;Parameter name="pan"/&gt;&lt;Parameter name="payAmount"/&gt;&lt;Parameter name="payBatch"/&gt;&lt;Parameter name="phoneNo"/&gt;&lt;Parameter name="token"/&gt;&lt;Parameter name="txnTimeStart"/&gt;&lt;Parameter name="userAgent"/&gt;&lt;Parameter name="validCode"/&gt;&lt;/Root&gt;</Param>
        </Operation>
      </CaseSet>
    </CaseStep>
    <Aftershell/>
  </Testcase>
  <Textcase>
    <description></description>
    <preCondition></preCondition>
    <textStep></textStep>
    <afterStep></afterStep>
    <expectResult></expectResult>
  </Textcase>
</TestcaseRoot>
