<?xml version="1.0" encoding="UTF-8"?>

<TestcaseRoot>
  <Testcase>
    <Preshell>
      <Operation name="H5接口参数加密">
        <Param name="加密明文">$h5.02.idContent$</Param>
        <Param name="加密方法">加码两次</Param>
        <Param name="密文[OUT]">&amp;EncryptId</Param>
      </Operation>
      <Operation name="调用H5接口">
        <Param name="消息模板">\2.帐户\1.基础接口\C0020004N 获取密码键盘随机码接口.json</Param>
        <Param name="结果校验">&lt;?xml version="1.0" encoding="UTF-8"?&gt; &lt;Root&gt;&lt;Parameter name="mapString"&gt;&amp;amp;mapString&lt;/Parameter&gt;&lt;Parameter name="mcryptKey"&gt;&amp;amp;mcryptKey&lt;/Parameter&gt;&lt;Parameter name="token"&gt;&amp;amp;token&lt;/Parameter&gt;&lt;/Root&gt;</Param>
      </Operation>
      <Operation name="H5支付密码加密">
        <Param name="密文[OUT]">&amp;EncryptPass</Param>
        <Param name="加密明文">$h5.02.payPwd$</Param>
      </Operation>
    </Preshell>
    <CaseStep>
      <CaseSet>
        <Operation name="调用H5接口">
          <Param name="消息模板">\10.支付\1.统一支付\P0100001N 验证支付密码接口.json</Param>
          <Param name="结果校验">errCode="00"</Param>
          <Param name="参数输入">&lt;?xml version="1.0" encoding="UTF-8"?&gt; &lt;Root&gt;&lt;Parameter name="authUrl"&gt;/1.2/members/setSafeCard&lt;/Parameter&gt;&lt;Parameter name="ext"/&gt;&lt;Parameter name="idContent"&gt;$EncryptId$&lt;/Parameter&gt;&lt;Parameter name="password"&gt;$EncryptPass$&lt;/Parameter&gt;&lt;Parameter name="token"&gt;$token$&lt;/Parameter&gt;&lt;Parameter name="useLimit"&gt;10&lt;/Parameter&gt;&lt;/Root&gt;</Param>
        </Operation>
      </CaseSet>
    </CaseStep>
    <Aftershell/>
  </Testcase>
  <Textcase>
    <description></description>
    <preCondition></preCondition>
    <textStep></textStep>
    <afterStep></afterStep>
    <expectResult></expectResult>
  </Textcase>
  <TestcaseResult>
    <result name="" starttime="2016-11-17 17:56:37.428" endtime="2016-11-17 17:56:39.428" expendTime="1756">
      <result>pass</result>
      <memo></memo>
    </result>
  </TestcaseResult>
</TestcaseRoot>
