<?xml version="1.0" encoding="UTF-8"?>

<TestcaseRoot>
  <Testcase>
    <Preshell>
      <Operation name="H5接口参数加密">
        <Param name="加密明文">$h5.02.idContent$</Param>
        <Param name="加密方法">加码两次</Param>
        <Param name="密文[OUT]">&amp;EncryptId</Param>
      </Operation>
      <Operation name="调用H5接口">
        <Param name="消息模板">\2.帐户\1.基础接口\C0020004N 获取密码键盘随机码接口.json</Param>
        <Param name="结果校验">&lt;?xml version="1.0" encoding="UTF-8"?&gt; &lt;Root&gt;&lt;Parameter name="mapString"&gt;&amp;amp;mapString&lt;/Parameter&gt;&lt;Parameter name="mcryptKey"&gt;&amp;amp;mcryptKey&lt;/Parameter&gt;&lt;Parameter name="token"&gt;&amp;amp;token&lt;/Parameter&gt;&lt;/Root&gt;</Param>
      </Operation>
      <Operation name="H5支付密码加密">
        <Param name="密文[OUT]">&amp;EncryptPass</Param>
        <Param name="加密明文">$h5.02.payPwd$</Param>
      </Operation>
      <Operation name="调用H5接口">
        <Param name="参数输入">&lt;?xml version="1.0" encoding="UTF-8"?&gt; &lt;Root&gt;&lt;Parameter name="authUrl"&gt;/1.2/members/setSafeCard&lt;/Parameter&gt;&lt;Parameter name="ext"/&gt;&lt;Parameter name="idContent"&gt;$EncryptId$&lt;/Parameter&gt;&lt;Parameter name="password"&gt;$EncryptPass$&lt;/Parameter&gt;&lt;Parameter name="token"&gt;$token$&lt;/Parameter&gt;&lt;Parameter name="useLimit"&gt;10&lt;/Parameter&gt;&lt;/Root&gt;</Param>
        <Param name="消息模板">\10.支付\1.统一支付\P0100001N 验证支付密码接口.json</Param>
        <Param name="结果校验">&lt;?xml version="1.0" encoding="UTF-8"?&gt; &lt;Root&gt;&lt;Parameter name="payToken"&gt;&amp;amp;payToken&lt;/Parameter&gt;&lt;/Root&gt;</Param>
      </Operation>
    </Preshell>
    <CaseStep>
      <CaseSet>
        <Operation name="调用H5接口">
          <Param name="参数输入">&lt;?xml version="1.0" encoding="UTF-8"?&gt; &lt;Root&gt;&lt;Parameter name="payToken"/&gt;&lt;Parameter name="authCode"/&gt;&lt;Parameter name="bankName"/&gt;&lt;Parameter name="billOrderNo"/&gt;&lt;Parameter name="cardType"/&gt;&lt;Parameter name="channelType"/&gt;&lt;Parameter name="deviceInfo"/&gt;&lt;Parameter name="equityAmount"/&gt;&lt;Parameter name="equityCode"/&gt;&lt;Parameter name="gpsInfo"/&gt;&lt;Parameter name="memberBankAccId"/&gt;&lt;Parameter name="merchantCode"/&gt;&lt;Parameter name="orderAmount"/&gt;&lt;Parameter name="outEquityAmount"/&gt;&lt;Parameter name="outEquityCode"/&gt;&lt;Parameter name="payAmount"/&gt;&lt;Parameter name="payMode"/&gt;&lt;Parameter name="phone"/&gt;&lt;Parameter name="smsCode"/&gt;&lt;Parameter name="validElement"/&gt;&lt;Parameter name="cost"/&gt;&lt;Parameter name="desc"/&gt;&lt;Parameter name="id"/&gt;&lt;Parameter name="info"/&gt;&lt;Parameter name="rate"/&gt;&lt;Parameter name="repay"/&gt;&lt;Parameter name="stage_number"/&gt;&lt;Parameter name="total"/&gt;&lt;Parameter name="totalFee"/&gt;&lt;/Root&gt;</Param>
          <Param name="消息模板">\10.支付\1.统一支付\T0100005P 支付确认-1.1.json</Param>
        </Operation>
      </CaseSet>
    </CaseStep>
    <Aftershell/>
  </Testcase>
  <Textcase>
    <description></description>
    <preCondition></preCondition>
    <textStep></textStep>
    <afterStep></afterStep>
    <expectResult></expectResult>
  </Textcase>
</TestcaseRoot>
