<?xml version="1.0" encoding="UTF-8"?>

<TestcaseRoot>
  <Testcase>
    <Preshell/>
    <CaseStep>
      <CaseSet>
        <Operation name="调用H5接口">
          <Param name="消息模板">\10.支付\1.统一支付\T0100006L 重置支付密码(银行卡鉴权后)-1.1.json</Param>
          <Param name="参数输入">&lt;?xml version="1.0" encoding="UTF-8"?&gt; &lt;Root&gt;&lt;Parameter name="loginToken"/&gt;&lt;Parameter name="cvv2"/&gt;&lt;Parameter name="expiredDate"/&gt;&lt;Parameter name="idNumber"/&gt;&lt;Parameter name="name"/&gt;&lt;Parameter name="pan"/&gt;&lt;Parameter name="phoneNo"/&gt;&lt;Parameter name="token"/&gt;&lt;Parameter name="validateCode"/&gt;&lt;Parameter name="validateCodeToken"/&gt;&lt;/Root&gt;</Param>
        </Operation>
      </CaseSet>
    </CaseStep>
    <Aftershell/>
  </Testcase>
  <Textcase>
    <description></description>
    <preCondition></preCondition>
    <textStep></textStep>
    <afterStep></afterStep>
    <expectResult></expectResult>
  </Textcase>
</TestcaseRoot>
